{"datasetNL": 1725321477.801075, "datasetQuery": 1725321477.802075}