{"datasetNL": 1725123667.645722, "datasetQuery": 1725123746.434981}