{"datasetNL": 1724873159.033736, "datasetQuery": 1724873158.251736}